id,name,value
1,row 1,3
2,row 2,6
3,row 3,9
4,row 4,12
5,row 5,15
6,row 6,18
7,row 7,21
8,row 8,24
9,row 9,27
10,row 10,30
11,row 11,33
12,row 12,36
13,row 13,39
14,row 14,42
15,row 15,45
16,row 16,48
17,row 17,51
18,row 18,54
19,row 19,57
20,row 20,60
21,row 21,63
22,row 22,66
23,row 23,69
24,row 24,72
25,row 25,75
26,row 26,78
27,row 27,81
28,row 28,84
29,row 29,87
30,row 30,90
31,row 31,93
32,row 32,96
33,row 33,99
34,row 34,102
35,row 35,105
36,row 36,108
37,row 37,111
38,row 38,114
39,row 39,117
40,row 40,120
41,row 41,123
42,row 42,126
43,row 43,129
44,row 44,132
45,row 45,135
46,row 46,138
47,row 47,141
48,row 48,144
49,row 49,147
50,row 50,150
51,row 51,153
52,row 52,156
53,row 53,159
54,row 54,162
55,row 55,165
56,row 56,168
57,row 57,171
58,row 58,174
59,row 59,177
60,row 60,180
61,row 61,183
62,row 62,186
63,row 63,189
64,row 64,192
65,row 65,195
66,row 66,198
67,row 67,201
68,row 68,204
69,row 69,207
70,row 70,210
71,row 71,213
72,row 72,216
73,row 73,219
74,row 74,222
75,row 75,225
76,row 76,228
77,row 77,231
78,row 78,234
79,row 79,237
80,row 80,240
81,row 81,243
82,row 82,246
83,row 83,249
84,row 84,252
85,row 85,255
86,row 86,258
87,row 87,261
88,row 88,264
89,row 89,267
90,row 90,270
91,row 91,273
92,row 92,276
93,row 93,279
94,row 94,282
95,row 95,285
96,row 96,288
97,row 97,291
98,row 98,294
99,row 99,297
100,row 100,300
101,row 101,303
102,row 102,306
103,row 103,309
104,row 104,312
105,row 105,315
106,row 106,318
107,row 107,321
108,row 108,324
109,row 109,327
110,row 110,330
111,row 111,333
112,row 112,336
113,row 113,339
114,row 114,342
115,row 115,345
116,row 116,348
117,row 117,351
118,row 118,354
119,row 119,357
120,row 120,360
121,row 121,363
122,row 122,366
123,row 123,369
124,row 124,372
125,row 125,375
126,row 126,378
127,row 127,381
128,row 128,384
129,row 129,387
130,row 130,390
131,row 131,393
132,row 132,396
133,row 133,399
134,row 134,402
135,row 135,405
136,row 136,408
137,row 137,411
138,row 138,414
139,row 139,417
140,row 140,420
141,row 141,423
142,row 142,426
143,row 143,429
144,row 144,432
145,row 145,435
146,row 146,438
147,row 147,441
148,row 148,444
149,row 149,447
150,row 150,450
151,row 151,453
152,row 152,456
153,row 153,459
154,row 154,462
155,row 155,465
156,row 156,468
157,row 157,471
158,row 158,474
159,row 159,477
160,row 160,480
161,row 161,483
162,row 162,486
163,row 163,489
164,row 164,492
165,row 165,495
166,row 166,498
167,row 167,501
168,row 168,504
169,row 169,507
170,row 170,510
171,row 171,513
172,row 172,516
173,row 173,519
174,row 174,522
175,row 175,525
176,row 176,528
177,row 177,531
178,row 178,534
179,row 179,537
180,row 180,540
181,row 181,543
182,row 182,546
183,row 183,549
184,row 184,552
185,row 185,555
186,row 186,558
187,row 187,561
188,row 188,564
189,row 189,567
190,row 190,570
191,row 191,573
192,row 192,576
193,row 193,579
194,row 194,582
195,row 195,585
196,row 196,588
197,row 197,591
198,row 198,594
199,row 199,597
200,row 200,600
201,row 201,603
202,row 202,606
203,row 203,609
204,row 204,612
205,row 205,615
206,row 206,618
207,row 207,621
208,row 208,624
209,row 209,627
210,row 210,630
211,row 211,633
212,row 212,636
213,row 213,639
214,row 214,642
215,row 215,645
216,row 216,648
217,row 217,651
218,row 218,654
219,row 219,657
220,row 220,660
221,row 221,663
222,row 222,666
223,row 223,669
224,row 224,672
225,row 225,675
226,row 226,678
227,row 227,681
228,row 228,684
229,row 229,687
230,row 230,690
231,row 231,693
232,row 232,696
233,row 233,699
234,row 234,702
235,row 235,705
236,row 236,708
237,row 237,711
238,row 238,714
239,row 239,717
240,row 240,720
241,row 241,723
242,row 242,726
243,row 243,729
244,row 244,732
245,row 245,735
246,row 246,738
247,row 247,741
248,row 248,744
249,row 249,747
250,row 250,750
251,row 251,753
252,row 252,756
253,row 253,759
254,row 254,762
255,row 255,765
256,row 256,768
257,row 257,771
258,row 258,774
259,row 259,777
260,row 260,780
261,row 261,783
262,row 262,786
263,row 263,789
264,row 264,792
265,row 265,795
266,row 266,798
267,row 267,801
268,row 268,804
269,row 269,807
270,row 270,810
271,row 271,813
272,row 272,816
273,row 273,819
274,row 274,822
275,row 275,825
276,row 276,828
277,row 277,831
278,row 278,834
279,row 279,837
280,row 280,840
281,row 281,843
282,row 282,846
283,row 283,849
284,row 284,852
285,row 285,855
286,row 286,858
287,row 287,861
288,row 288,864
289,row 289,867
290,row 290,870
291,row 291,873
292,row 292,876
293,row 293,879
294,row 294,882
295,row 295,885
296,row 296,888
297,row 297,891
298,row 298,894
299,row 299,897
300,row 300,900
301,row 301,903
302,row 302,906
303,row 303,909
304,row 304,912
305,row 305,915
306,row 306,918
307,row 307,921
308,row 308,924
309,row 309,927
310,row 310,930
311,row 311,933
312,row 312,936
313,row 313,939
314,row 314,942
315,row 315,945
316,row 316,948
317,row 317,951
318,row 318,954
319,row 319,957
320,row 320,960
321,row 321,963
322,row 322,966
323,row 323,969
324,row 324,972
325,row 325,975
326,row 326,978
327,row 327,981
328,row 328,984
329,row 329,987
330,row 330,990
331,row 331,993
332,row 332,996
333,row 333,999
334,row 334,1002
335,row 335,1005
336,row 336,1008
337,row 337,1011
338,row 338,1014
339,row 339,1017
340,row 340,1020
341,row 341,1023
342,row 342,1026
343,row 343,1029
344,row 344,1032
345,row 345,1035
346,row 346,1038
347,row 347,1041
348,row 348,1044
349,row 349,1047
350,row 350,1050
351,row 351,1053
352,row 352,1056
353,row 353,1059
354,row 354,1062
355,row 355,1065
356,row 356,1068
357,row 357,1071
358,row 358,1074
359,row 359,1077
360,row 360,1080
361,row 361,1083
362,row 362,1086
363,row 363,1089
364,row 364,1092
365,row 365,1095
366,row 366,1098
367,row 367,1101
368,row 368,1104
369,row 369,1107
370,row 370,1110
371,row 371,1113
372,row 372,1116
373,row 373,1119
374,row 374,1122
375,row 375,1125
376,row 376,1128
377,row 377,1131
378,row 378,1134
379,row 379,1137
380,row 380,1140
381,row 381,1143
382,row 382,1146
383,row 383,1149
384,row 384,1152
385,row 385,1155
386,row 386,1158
387,row 387,1161
388,row 388,1164
389,row 389,1167
390,row 390,1170
391,row 391,1173
392,row 392,1176
393,row 393,1179
394,row 394,1182
395,row 395,1185
396,row 396,1188
397,row 397,1191
398,row 398,1194
399,row 399,1197
400,row 400,1200
401,row 401,1203
402,row 402,1206
403,row 403,1209
404,row 404,1212
405,row 405,1215
406,row 406,1218
407,row 407,1221
408,row 408,1224
409,row 409,1227
410,row 410,1230
411,row 411,1233
412,row 412,1236
413,row 413,1239
414,row 414,1242
415,row 415,1245
416,row 416,1248
417,row 417,1251
418,row 418,1254
419,row 419,1257
420,row 420,1260
421,row 421,1263
422,row 422,1266
423,row 423,1269
424,row 424,1272
425,row 425,1275
426,row 426,1278
427,row 427,1281
428,row 428,1284
429,row 429,1287
430,row 430,1290
431,row 431,1293
432,row 432,1296
433,row 433,1299
434,row 434,1302
435,row 435,1305
436,row 436,1308
437,row 437,1311
438,row 438,1314
439,row 439,1317
440,row 440,1320
441,row 441,1323
442,row 442,1326
443,row 443,1329
444,row 444,1332
445,row 445,1335
446,row 446,1338
447,row 447,1341
448,row 448,1344
449,row 449,1347
450,row 450,1350
451,row 451,1353
452,row 452,1356
453,row 453,1359
454,row 454,1362
455,row 455,1365
456,row 456,1368
457,row 457,1371
458,row 458,1374
459,row 459,1377
460,row 460,1380
461,row 461,1383
462,row 462,1386
463,row 463,1389
464,row 464,1392
465,row 465,1395
466,row 466,1398
467,row 467,1401
468,row 468,1404
469,row 469,1407
470,row 470,1410
471,row 471,1413
472,row 472,1416
473,row 473,1419
474,row 474,1422
475,row 475,1425
476,row 476,1428
477,row 477,1431
478,row 478,1434
479,row 479,1437
480,row 480,1440
481,row 481,1443
482,row 482,1446
483,row 483,1449
484,row 484,1452
485,row 485,1455
486,row 486,1458
487,row 487,1461
488,row 488,1464
489,row 489,1467
490,row 490,1470
491,row 491,1473
492,row 492,1476
493,row 493,1479
494,row 494,1482
495,row 495,1485
496,row 496,1488
497,row 497,1491
498,row 498,1494
499,row 499,1497
500,row 500,1500
501,row 501,1503
502,row 502,1506
503,row 503,1509
504,row 504,1512
505,row 505,1515
506,row 506,1518
507,row 507,1521
508,row 508,1524
509,row 509,1527
510,row 510,1530
511,row 511,1533
512,row 512,1536
513,row 513,1539
514,row 514,1542
515,row 515,1545
516,row 516,1548
517,row 517,1551
518,row 518,1554
519,row 519,1557
520,row 520,1560
521,row 521,1563
522,row 522,1566
523,row 523,1569
524,row 524,1572
525,row 525,1575
526,row 526,1578
527,row 527,1581
528,row 528,1584
529,row 529,1587
530,row 530,1590
531,row 531,1593
532,row 532,1596
533,row 533,1599
534,row 534,1602
535,row 535,1605
536,row 536,1608
537,row 537,1611
538,row 538,1614
539,row 539,1617
540,row 540,1620
541,row 541,1623
542,row 542,1626
543,row 543,1629
544,row 544,1632
545,row 545,1635
546,row 546,1638
547,row 547,1641
548,row 548,1644
549,row 549,1647
550,row 550,1650
551,row 551,1653
552,row 552,1656
553,row 553,1659
554,row 554,1662
555,row 555,1665
556,row 556,1668
557,row 557,1671
558,row 558,1674
559,row 559,1677
560,row 560,1680
561,row 561,1683
562,row 562,1686
563,row 563,1689
564,row 564,1692
565,row 565,1695
566,row 566,1698
567,row 567,1701
568,row 568,1704
569,row 569,1707
570,row 570,1710
571,row 571,1713
572,row 572,1716
573,row 573,1719
574,row 574,1722
575,row 575,1725
576,row 576,1728
577,row 577,1731
578,row 578,1734
579,row 579,1737
580,row 580,1740
581,row 581,1743
582,row 582,1746
583,row 583,1749
584,row 584,1752
585,row 585,1755
586,row 586,1758
587,row 587,1761
588,row 588,1764
589,row 589,1767
590,row 590,1770
591,row 591,1773
592,row 592,1776
593,row 593,1779
594,row 594,1782
595,row 595,1785
596,row 596,1788
597,row 597,1791
598,row 598,1794
599,row 599,1797
600,row 600,1800
601,row 601,1803
602,row 602,1806
603,row 603,1809
604,row 604,1812
605,row 605,1815
606,row 606,1818
607,row 607,1821
608,row 608,1824
609,row 609,1827
610,row 610,1830
611,row 611,1833
612,row 612,1836
613,row 613,1839
614,row 614,1842
615,row 615,1845
616,row 616,1848
617,row 617,1851
618,row 618,1854
619,row 619,1857
620,row 620,1860
621,row 621,1863
622,row 622,1866
623,row 623,1869
624,row 624,1872
625,row 625,1875
626,row 626,1878
627,row 627,1881
628,row 628,1884
629,row 629,1887
630,row 630,1890
631,row 631,1893
632,row 632,1896
633,row 633,1899
634,row 634,1902
635,row 635,1905
636,row 636,1908
637,row 637,1911
638,row 638,1914
639,row 639,1917
640,row 640,1920
641,row 641,1923
642,row 642,1926
643,row 643,1929
644,row 644,1932
645,row 645,1935
646,row 646,1938
647,row 647,1941
648,row 648,1944
649,row 649,1947
650,row 650,1950
651,row 651,1953
652,row 652,1956
653,row 653,1959
654,row 654,1962
655,row 655,1965
656,row 656,1968
657,row 657,1971
658,row 658,1974
659,row 659,1977
660,row 660,1980
661,row 661,1983
662,row 662,1986
663,row 663,1989
664,row 664,1992
665,row 665,1995
666,row 666,1998
667,row 667,2001
668,row 668,2004
669,row 669,2007
670,row 670,2010
671,row 671,2013
672,row 672,2016
673,row 673,2019
674,row 674,2022
675,row 675,2025
676,row 676,2028
677,row 677,2031
678,row 678,2034
679,row 679,2037
680,row 680,2040
681,row 681,2043
682,row 682,2046
683,row 683,2049
684,row 684,2052
685,row 685,2055
686,row 686,2058
687,row 687,2061
688,row 688,2064
689,row 689,2067
690,row 690,2070
691,row 691,2073
692,row 692,2076
693,row 693,2079
694,row 694,2082
695,row 695,2085
696,row 696,2088
697,row 697,2091
698,row 698,2094
699,row 699,2097
700,row 700,2100
701,row 701,2103
702,row 702,2106
703,row 703,2109
704,row 704,2112
705,row 705,2115
706,row 706,2118
707,row 707,2121
708,row 708,2124
709,row 709,2127
710,row 710,2130
711,row 711,2133
712,row 712,2136
713,row 713,2139
714,row 714,2142
715,row 715,2145
716,row 716,2148
717,row 717,2151
718,row 718,2154
719,row 719,2157
720,row 720,2160
721,row 721,2163
722,row 722,2166
723,row 723,2169
724,row 724,2172
725,row 725,2175
726,row 726,2178
727,row 727,2181
728,row 728,2184
729,row 729,2187
730,row 730,2190
731,row 731,2193
732,row 732,2196
733,row 733,2199
734,row 734,2202
735,row 735,2205
736,row 736,2208
737,row 737,2211
738,row 738,2214
739,row 739,2217
740,row 740,2220
741,row 741,2223
742,row 742,2226
743,row 743,2229
744,row 744,2232
745,row 745,2235
746,row 746,2238
747,row 747,2241
748,row 748,2244
749,row 749,2247
750,row 750,2250
751,row 751,2253
752,row 752,2256
753,row 753,2259
754,row 754,2262
755,row 755,2265
756,row 756,2268
757,row 757,2271
758,row 758,2274
759,row 759,2277
760,row 760,2280
761,row 761,2283
762,row 762,2286
763,row 763,2289
764,row 764,2292
765,row 765,2295
766,row 766,2298
767,row 767,2301
768,row 768,2304
769,row 769,2307
770,row 770,2310
771,row 771,2313
772,row 772,2316
773,row 773,2319
774,row 774,2322
775,row 775,2325
776,row 776,2328
777,row 777,2331
778,row 778,2334
779,row 779,2337
780,row 780,2340
781,row 781,2343
782,row 782,2346
783,row 783,2349
784,row 784,2352
785,row 785,2355
786,row 786,2358
787,row 787,2361
788,row 788,2364
789,row 789,2367
790,row 790,2370
791,row 791,2373
792,row 792,2376
793,row 793,2379
794,row 794,2382
795,row 795,2385
796,row 796,2388
797,row 797,2391
798,row 798,2394
799,row 799,2397
800,row 800,2400
801,row 801,2403
802,row 802,2406
803,row 803,2409
804,row 804,2412
805,row 805,2415
806,row 806,2418
807,row 807,2421
808,row 808,2424
809,row 809,2427
810,row 810,2430
811,row 811,2433
812,row 812,2436
813,row 813,2439
814,row 814,2442
815,row 815,2445
816,row 816,2448
817,row 817,2451
818,row 818,2454
819,row 819,2457
820,row 820,2460
821,row 821,2463
822,row 822,2466
823,row 823,2469
824,row 824,2472
825,row 825,2475
826,row 826,2478
827,row 827,2481
828,row 828,2484
829,row 829,2487
830,row 830,2490
831,row 831,2493
832,row 832,2496
833,row 833,2499
834,row 834,2502
835,row 835,2505
836,row 836,2508
837,row 837,2511
838,row 838,2514
839,row 839,2517
840,row 840,2520
841,row 841,2523
842,row 842,2526
843,row 843,2529
844,row 844,2532
845,row 845,2535
846,row 846,2538
847,row 847,2541
848,row 848,2544
849,row 849,2547
850,row 850,2550
851,row 851,2553
852,row 852,2556
853,row 853,2559
854,row 854,2562
855,row 855,2565
856,row 856,2568
857,row 857,2571
858,row 858,2574
859,row 859,2577
860,row 860,2580
861,row 861,2583
862,row 862,2586
863,row 863,2589
864,row 864,2592
865,row 865,2595
866,row 866,2598
867,row 867,2601
868,row 868,2604
869,row 869,2607
870,row 870,2610
871,row 871,2613
872,row 872,2616
873,row 873,2619
874,row 874,2622
875,row 875,2625
876,row 876,2628
877,row 877,2631
878,row 878,2634
879,row 879,2637
880,row 880,2640
881,row 881,2643
882,row 882,2646
883,row 883,2649
884,row 884,2652
885,row 885,2655
886,row 886,2658
887,row 887,2661
888,row 888,2664
889,row 889,2667
890,row 890,2670
891,row 891,2673
892,row 892,2676
893,row 893,2679
894,row 894,2682
895,row 895,2685
896,row 896,2688
897,row 897,2691
898,row 898,2694
899,row 899,2697
900,row 900,2700
901,row 901,2703
902,row 902,2706
903,row 903,2709
904,row 904,2712
905,row 905,2715
906,row 906,2718
907,row 907,2721
908,row 908,2724
909,row 909,2727
910,row 910,2730
911,row 911,2733
912,row 912,2736
913,row 913,2739
914,row 914,2742
915,row 915,2745
916,row 916,2748
917,row 917,2751
918,row 918,2754
919,row 919,2757
920,row 920,2760
921,row 921,2763
922,row 922,2766
923,row 923,2769
924,row 924,2772
925,row 925,2775
926,row 926,2778
927,row 927,2781
928,row 928,2784
929,row 929,2787
930,row 930,2790
931,row 931,2793
932,row 932,2796
933,row 933,2799
934,row 934,2802
935,row 935,2805
936,row 936,2808
937,row 937,2811
938,row 938,2814
939,row 939,2817
940,row 940,2820
941,row 941,2823
942,row 942,2826
943,row 943,2829
944,row 944,2832
945,row 945,2835
946,row 946,2838
947,row 947,2841
948,row 948,2844
949,row 949,2847
950,row 950,2850
951,row 951,2853
952,row 952,2856
953,row 953,2859
954,row 954,2862
955,row 955,2865
956,row 956,2868
957,row 957,2871
958,row 958,2874
959,row 959,2877
960,row 960,2880
961,row 961,2883
962,row 962,2886
963,row 963,2889
964,row 964,2892
965,row 965,2895
966,row 966,2898
967,row 967,2901
968,row 968,2904
969,row 969,2907
970,row 970,2910
971,row 971,2913
972,row 972,2916
973,row 973,2919
974,row 974,2922
975,row 975,2925
976,row 976,2928
977,row 977,2931
978,row 978,2934
979,row 979,2937
980,row 980,2940
981,row 981,2943
982,row 982,2946
983,row 983,2949
984,row 984,2952
985,row 985,2955
986,row 986,2958
987,row 987,2961
988,row 988,2964
989,row 989,2967
990,row 990,2970
991,row 991,2973
992,row 992,2976
993,row 993,2979
994,row 994,2982
995,row 995,2985
996,row 996,2988
997,row 997,2991
998,row 998,2994
999,row 999,2997
1000,row 1000,3000
1001,row 1001,3003
1002,row 1002,3006
1003,row 1003,3009
1004,row 1004,3012
1005,row 1005,3015
1006,row 1006,3018
1007,row 1007,3021
1008,row 1008,3024
1009,row 1009,3027
1010,row 1010,3030
1011,row 1011,3033
1012,row 1012,3036
1013,row 1013,3039
1014,row 1014,3042
1015,row 1015,3045
1016,row 1016,3048
1017,row 1017,3051
1018,row 1018,3054
1019,row 1019,3057
1020,row 1020,3060
1021,row 1021,3063
1022,row 1022,3066
1023,row 1023,3069
1024,row 1024,3072
1025,row 1025,3075
1026,row 1026,3078
1027,row 1027,3081
1028,row 1028,3084
1029,row 1029,3087
1030,row 1030,3090
1031,row 1031,3093
1032,row 1032,3096
1033,row 1033,3099
1034,row 1034,3102
1035,row 1035,3105
1036,row 1036,3108
1037,row 1037,3111
1038,row 1038,3114
1039,row 1039,3117
1040,row 1040,3120
1041,row 1041,3123
1042,row 1042,3126
1043,row 1043,3129
1044,row 1044,3132
1045,row 1045,3135
1046,row 1046,3138
1047,row 1047,3141
1048,row 1048,3144
1049,row 1049,3147
1050,row 1050,3150
1051,row 1051,3153
1052,row 1052,3156
1053,row 1053,3159
1054,row 1054,3162
1055,row 1055,3165
1056,row 1056,3168
1057,row 1057,3171
1058,row 1058,3174
1059,row 1059,3177
1060,row 1060,3180
1061,row 1061,3183
1062,row 1062,3186
1063,row 1063,3189
1064,row 1064,3192
1065,row 1065,3195
1066,row 1066,3198
1067,row 1067,3201
1068,row 1068,3204
1069,row 1069,3207
1070,row 1070,3210
1071,row 1071,3213
1072,row 1072,3216
1073,row 1073,3219
1074,row 1074,3222
1075,row 1075,3225
1076,row 1076,3228
1077,row 1077,3231
1078,row 1078,3234
1079,row 1079,3237
1080,row 1080,3240
1081,row 1081,3243
1082,row 1082,3246
1083,row 1083,3249
1084,row 1084,3252
1085,row 1085,3255
1086,row 1086,3258
1087,row 1087,3261
1088,row 1088,3264
1089,row 1089,3267
1090,row 1090,3270
1091,row 1091,3273
1092,row 1092,3276
1093,row 1093,3279
1094,row 1094,3282
1095,row 1095,3285
1096,row 1096,3288
1097,row 1097,3291
1098,row 1098,3294
1099,row 1099,3297
1100,row 1100,3300
1101,row 1101,3303
1102,row 1102,3306
1103,row 1103,3309
1104,row 1104,3312
1105,row 1105,3315
1106,row 1106,3318
1107,row 1107,3321
1108,row 1108,3324
1109,row 1109,3327
1110,row 1110,3330
1111,row 1111,3333
1112,row 1112,3336
1113,row 1113,3339
1114,row 1114,3342
1115,row 1115,3345
1116,row 1116,3348
1117,row 1117,3351
1118,row 1118,3354
1119,row 1119,3357
1120,row 1120,3360
1121,row 1121,3363
1122,row 1122,3366
1123,row 1123,3369
1124,row 1124,3372
1125,row 1125,3375
1126,row 1126,3378
1127,row 1127,3381
1128,row 1128,3384
1129,row 1129,3387
1130,row 1130,3390
1131,row 1131,3393
1132,row 1132,3396
1133,row 1133,3399
1134,row 1134,3402
1135,row 1135,3405
1136,row 1136,3408
1137,row 1137,3411
1138,row 1138,3414
1139,row 1139,3417
1140,row 1140,3420
1141,row 1141,3423
1142,row 1142,3426
1143,row 1143,3429
1144,row 1144,3432
1145,row 1145,3435
1146,row 1146,3438
1147,row 1147,3441
1148,row 1148,3444
1149,row 1149,3447
1150,row 1150,3450
1151,row 1151,3453
1152,row 1152,3456
1153,row 1153,3459
1154,row 1154,3462
1155,row 1155,3465
1156,row 1156,3468
1157,row 1157,3471
1158,row 1158,3474
1159,row 1159,3477
1160,row 1160,3480
1161,row 1161,3483
1162,row 1162,3486
1163,row 1163,3489
1164,row 1164,3492
1165,row 1165,3495
1166,row 1166,3498
1167,row 1167,3501
1168,row 1168,3504
1169,row 1169,3507
1170,row 1170,3510
1171,row 1171,3513
1172,row 1172,3516
1173,row 1173,3519
1174,row 1174,3522
1175,row 1175,3525
1176,row 1176,3528
1177,row 1177,3531
1178,row 1178,3534
1179,row 1179,3537
1180,row 1180,3540
1181,row 1181,3543
1182,row 1182,3546
1183,row 1183,3549
1184,row 1184,3552
1185,row 1185,3555
1186,row 1186,3558
1187,row 1187,3561
1188,row 1188,3564
1189,row 1189,3567
1190,row 1190,3570
1191,row 1191,3573
1192,row 1192,3576
1193,row 1193,3579
1194,row 1194,3582
1195,row 1195,3585
1196,row 1196,3588
1197,row 1197,3591
1198,row 1198,3594
1199,row 1199,3597
1200,row 1200,3600
1201,row 1201,3603
1202,row 1202,3606
1203,row 1203,3609
1204,row 1204,3612
1205,row 1205,3615
1206,row 1206,3618
1207,row 1207,3621
1208,row 1208,3624
1209,row 1209,3627
1210,row 1210,3630
1211,row 1211,3633
1212,row 1212,3636
1213,row 1213,3639
1214,row 1214,3642
1215,row 1215,3645
1216,row 1216,3648
1217,row 1217,3651
1218,row 1218,3654
1219,row 1219,3657
1220,row 1220,3660
1221,row 1221,3663
1222,row 1222,3666
1223,row 1223,3669
1224,row 1224,3672
1225,row 1225,3675
1226,row 1226,3678
1227,row 1227,3681
1228,row 1228,3684
1229,row 1229,3687
1230,row 1230,3690
1231,row 1231,3693
1232,row 1232,3696
1233,row 1233,3699
1234,row 1234,3702
1235,row 1235,3705
1236,row 1236,3708
1237,row 1237,3711
1238,row 1238,3714
1239,row 1239,3717
1240,row 1240,3720
1241,row 1241,3723
1242,row 1242,3726
1243,row 1243,3729
1244,row 1244,3732
1245,row 1245,3735
1246,row 1246,3738
1247,row 1247,3741
1248,row 1248,3744
1249,row 1249,3747
1250,row 1250,3750
1251,row 1251,3753
1252,row 1252,3756
1253,row 1253,3759
1254,row 1254,3762
1255,row 1255,3765
1256,row 1256,3768
1257,row 1257,3771
1258,row 1258,3774
1259,row 1259,3777
1260,row 1260,3780
1261,row 1261,3783
1262,row 1262,3786
1263,row 1263,3789
1264,row 1264,3792
1265,row 1265,3795
1266,row 1266,3798
1267,row 1267,3801
1268,row 1268,3804
1269,row 1269,3807
1270,row 1270,3810
1271,row 1271,3813
1272,row 1272,3816
1273,row 1273,3819
1274,row 1274,3822
1275,row 1275,3825
1276,row 1276,3828
1277,row 1277,3831
1278,row 1278,3834
1279,row 1279,3837
1280,row 1280,3840
1281,row 1281,3843
1282,row 1282,3846
1283,row 1283,3849
1284,row 1284,3852
1285,row 1285,3855
1286,row 1286,3858
1287,row 1287,3861
1288,row 1288,3864
1289,row 1289,3867
1290,row 1290,3870
1291,row 1291,3873
1292,row 1292,3876
1293,row 1293,3879
1294,row 1294,3882
1295,row 1295,3885
1296,row 1296,3888
1297,row 1297,3891
1298,row 1298,3894
1299,row 1299,3897
1300,row 1300,3900
1301,row 1301,3903
1302,row 1302,3906
1303,row 1303,3909
1304,row 1304,3912
1305,row 1305,3915
1306,row 1306,3918
1307,row 1307,3921
1308,row 1308,3924
1309,row 1309,3927
1310,row 1310,3930
1311,row 1311,3933
1312,row 1312,3936
1313,row 1313,3939
1314,row 1314,3942
1315,row 1315,3945
1316,row 1316,3948
1317,row 1317,3951
1318,row 1318,3954
1319,row 1319,3957
1320,row 1320,3960
1321,row 1321,3963
1322,row 1322,3966
1323,row 1323,3969
1324,row 1324,3972
1325,row 1325,3975
1326,row 1326,3978
1327,row 1327,3981
1328,row 1328,3984
1329,row 1329,3987
1330,row 1330,3990
1331,row 1331,3993
1332,row 1332,3996
1333,row 1333,3999
1334,row 1334,4002
1335,row 1335,4005
1336,row 1336,4008
1337,row 1337,4011
1338,row 1338,4014
1339,row 1339,4017
1340,row 1340,4020
1341,row 1341,4023
1342,row 1342,4026
1343,row 1343,4029
1344,row 1344,4032
1345,row 1345,4035
1346,row 1346,4038
1347,row 1347,4041
1348,row 1348,4044
1349,row 1349,4047
1350,row 1350,4050
1351,row 1351,4053
1352,row 1352,4056
1353,row 1353,4059
1354,row 1354,4062
1355,row 1355,4065
1356,row 1356,4068
1357,row 1357,4071
1358,row 1358,4074
1359,row 1359,4077
1360,row 1360,4080
1361,row 1361,4083
1362,row 1362,4086
1363,row 1363,4089
1364,row 1364,4092
1365,row 1365,4095
1366,row 1366,4098
1367,row 1367,4101
1368,row 1368,4104
1369,row 1369,4107
1370,row 1370,4110
1371,row 1371,4113
1372,row 1372,4116
1373,row 1373,4119
1374,row 1374,4122
1375,row 1375,4125
1376,row 1376,4128
1377,row 1377,4131
1378,row 1378,4134
1379,row 1379,4137
1380,row 1380,4140
1381,row 1381,4143
1382,row 1382,4146
1383,row 1383,4149
1384,row 1384,4152
1385,row 1385,4155
1386,row 1386,4158
1387,row 1387,4161
1388,row 1388,4164
1389,row 1389,4167
1390,row 1390,4170
1391,row 1391,4173
1392,row 1392,4176
1393,row 1393,4179
1394,row 1394,4182
1395,row 1395,4185
1396,row 1396,4188
1397,row 1397,4191
1398,row 1398,4194
1399,row 1399,4197
1400,row 1400,4200
1401,row 1401,4203
1402,row 1402,4206
1403,row 1403,4209
1404,row 1404,4212
1405,row 1405,4215
1406,row 1406,4218
1407,row 1407,4221
1408,row 1408,4224
1409,row 1409,4227
1410,row 1410,4230
1411,row 1411,4233
1412,row 1412,4236
1413,row 1413,4239
1414,row 1414,4242
1415,row 1415,4245
1416,row 1416,4248
1417,row 1417,4251
1418,row 1418,4254
1419,row 1419,4257
1420,row 1420,4260
1421,row 1421,4263
1422,row 1422,4266
1423,row 1423,4269
1424,row 1424,4272
1425,row 1425,4275
1426,row 1426,4278
1427,row 1427,4281
1428,row 1428,4284
1429,row 1429,4287
1430,row 1430,4290
1431,row 1431,4293
1432,row 1432,4296
1433,row 1433,4299
1434,row 1434,4302
1435,row 1435,4305
1436,row 1436,4308
1437,row 1437,4311
1438,row 1438,4314
1439,row 1439,4317
1440,row 1440,4320
1441,row 1441,4323
1442,row 1442,4326
1443,row 1443,4329
1444,row 1444,4332
1445,row 1445,4335
1446,row 1446,4338
1447,row 1447,4341
1448,row 1448,4344
1449,row 1449,4347
1450,row 1450,4350
1451,row 1451,4353
1452,row 1452,4356
1453,row 1453,4359
1454,row 1454,4362
1455,row 1455,4365
1456,row 1456,4368
1457,row 1457,4371
1458,row 1458,4374
1459,row 1459,4377
1460,row 1460,4380
1461,row 1461,4383
1462,row 1462,4386
1463,row 1463,4389
1464,row 1464,4392
1465,row 1465,4395
1466,row 1466,4398
1467,row 1467,4401
1468,row 1468,4404
1469,row 1469,4407
1470,row 1470,4410
1471,row 1471,4413
1472,row 1472,4416
1473,row 1473,4419
1474,row 1474,4422
1475,row 1475,4425
1476,row 1476,4428
1477,row 1477,4431
1478,row 1478,4434
1479,row 1479,4437
1480,row 1480,4440
1481,row 1481,4443
1482,row 1482,4446
1483,row 1483,4449
1484,row 1484,4452
1485,row 1485,4455
1486,row 1486,4458
1487,row 1487,4461
1488,row 1488,4464
1489,row 1489,4467
1490,row 1490,4470
1491,row 1491,4473
1492,row 1492,4476
1493,row 1493,4479
1494,row 1494,4482
1495,row 1495,4485
1496,row 1496,4488
1497,row 1497,4491
1498,row 1498,4494
1499,row 1499,4497
1500,row 1500,4500
1501,row 1501,4503
1502,row 1502,4506
1503,row 1503,4509
1504,row 1504,4512
1505,row 1505,4515
1506,row 1506,4518
1507,row 1507,4521
1508,row 1508,4524
1509,row 1509,4527
1510,row 1510,4530
1511,row 1511,4533
1512,row 1512,4536
1513,row 1513,4539
1514,row 1514,4542
1515,row 1515,4545
1516,row 1516,4548
1517,row 1517,4551
1518,row 1518,4554
1519,row 1519,4557
1520,row 1520,4560
1521,row 1521,4563
1522,row 1522,4566
1523,row 1523,4569
1524,row 1524,4572
1525,row 1525,4575
1526,row 1526,4578
1527,row 1527,4581
1528,row 1528,4584
1529,row 1529,4587
1530,row 1530,4590
1531,row 1531,4593
1532,row 1532,4596
1533,row 1533,4599
1534,row 1534,4602
1535,row 1535,4605
1536,row 1536,4608
1537,row 1537,4611
1538,row 1538,4614
1539,row 1539,4617
1540,row 1540,4620
1541,row 1541,4623
1542,row 1542,4626
1543,row 1543,4629
1544,row 1544,4632
1545,row 1545,4635
1546,row 1546,4638
1547,row 1547,4641
1548,row 1548,4644
1549,row 1549,4647
1550,row 1550,4650
1551,row 1551,4653
1552,row 1552,4656
1553,row 1553,4659
1554,row 1554,4662
1555,row 1555,4665
1556,row 1556,4668
1557,row 1557,4671
1558,row 1558,4674
1559,row 1559,4677
1560,row 1560,4680
1561,row 1561,4683
1562,row 1562,4686
1563,row 1563,4689
1564,row 1564,4692
1565,row 1565,4695
1566,row 1566,4698
1567,row 1567,4701
1568,row 1568,4704
1569,row 1569,4707
1570,row 1570,4710
1571,row 1571,4713
1572,row 1572,4716
1573,row 1573,4719
1574,row 1574,4722
1575,row 1575,4725
1576,row 1576,4728
1577,row 1577,4731
1578,row 1578,4734
1579,row 1579,4737
1580,row 1580,4740
1581,row 1581,4743
1582,row 1582,4746
1583,row 1583,4749
1584,row 1584,4752
1585,row 1585,4755
1586,row 1586,4758
1587,row 1587,4761
1588,row 1588,4764
1589,row 1589,4767
1590,row 1590,4770
1591,row 1591,4773
1592,row 1592,4776
1593,row 1593,4779
1594,row 1594,4782
1595,row 1595,4785
1596,row 1596,4788
1597,row 1597,4791
1598,row 1598,4794
1599,row 1599,4797
1600,row 1600,4800
1601,row 1601,4803
1602,row 1602,4806
1603,row 1603,4809
1604,row 1604,4812
1605,row 1605,4815
1606,row 1606,4818
1607,row 1607,4821
1608,row 1608,4824
1609,row 1609,4827
1610,row 1610,4830
1611,row 1611,4833
1612,row 1612,4836
1613,row 1613,4839
1614,row 1614,4842
1615,row 1615,4845
1616,row 1616,4848
1617,row 1617,4851
1618,row 1618,4854
1619,row 1619,4857
1620,row 1620,4860
1621,row 1621,4863
1622,row 1622,4866
1623,row 1623,4869
1624,row 1624,4872
1625,row 1625,4875
1626,row 1626,4878
1627,row 1627,4881
1628,row 1628,4884
1629,row 1629,4887
1630,row 1630,4890
1631,row 1631,4893
1632,row 1632,4896
1633,row 1633,4899
1634,row 1634,4902
1635,row 1635,4905
1636,row 1636,4908
1637,row 1637,4911
1638,row 1638,4914
1639,row 1639,4917
1640,row 1640,4920
1641,row 1641,4923
1642,row 1642,4926
1643,row 1643,4929
1644,row 1644,4932
1645,row 1645,4935
1646,row 1646,4938
1647,row 1647,4941
1648,row 1648,4944
1649,row 1649,4947
1650,row 1650,4950
1651,row 1651,4953
1652,row 1652,4956
1653,row 1653,4959
1654,row 1654,4962
1655,row 1655,4965
1656,row 1656,4968
1657,row 1657,4971
1658,row 1658,4974
1659,row 1659,4977
1660,row 1660,4980
1661,row 1661,4983
1662,row 1662,4986
1663,row 1663,4989
1664,row 1664,4992
1665,row 1665,4995
1666,row 1666,4998
1667,row 1667,5001
1668,row 1668,5004
1669,row 1669,5007
1670,row 1670,5010
1671,row 1671,5013
1672,row 1672,5016
1673,row 1673,5019
1674,row 1674,5022
1675,row 1675,5025
1676,row 1676,5028
1677,row 1677,5031
1678,row 1678,5034
1679,row 1679,5037
1680,row 1680,5040
1681,row 1681,5043
1682,row 1682,5046
1683,row 1683,5049
1684,row 1684,5052
1685,row 1685,5055
1686,row 1686,5058
1687,row 1687,5061
1688,row 1688,5064
1689,row 1689,5067
1690,row 1690,5070
1691,row 1691,5073
1692,row 1692,5076
1693,row 1693,5079
1694,row 1694,5082
1695,row 1695,5085
1696,row 1696,5088
1697,row 1697,5091
1698,row 1698,5094
1699,row 1699,5097
1700,row 1700,5100
1701,row 1701,5103
1702,row 1702,5106
1703,row 1703,5109
1704,row 1704,5112
1705,row 1705,5115
1706,row 1706,5118
1707,row 1707,5121
1708,row 1708,5124
1709,row 1709,5127
1710,row 1710,5130
1711,row 1711,5133
1712,row 1712,5136
1713,row 1713,5139
1714,row 1714,5142
1715,row 1715,5145
1716,row 1716,5148
1717,row 1717,5151
1718,row 1718,5154
1719,row 1719,5157
1720,row 1720,5160
1721,row 1721,5163
1722,row 1722,5166
1723,row 1723,5169
1724,row 1724,5172
1725,row 1725,5175
1726,row 1726,5178
1727,row 1727,5181
1728,row 1728,5184
1729,row 1729,5187
1730,row 1730,5190
1731,row 1731,5193
1732,row 1732,5196
1733,row 1733,5199
1734,row 1734,5202
1735,row 1735,5205
1736,row 1736,5208
1737,row 1737,5211
1738,row 1738,5214
1739,row 1739,5217
1740,row 1740,5220
1741,row 1741,5223
1742,row 1742,5226
1743,row 1743,5229
1744,row 1744,5232
1745,row 1745,5235
1746,row 1746,5238
1747,row 1747,5241
1748,row 1748,5244
1749,row 1749,5247
1750,row 1750,5250
1751,row 1751,5253
1752,row 1752,5256
1753,row 1753,5259
1754,row 1754,5262
1755,row 1755,5265
1756,row 1756,5268
1757,row 1757,5271
1758,row 1758,5274
1759,row 1759,5277
1760,row 1760,5280
1761,row 1761,5283
1762,row 1762,5286
1763,row 1763,5289
1764,row 1764,5292
1765,row 1765,5295
1766,row 1766,5298
1767,row 1767,5301
1768,row 1768,5304
1769,row 1769,5307
1770,row 1770,5310
1771,row 1771,5313
1772,row 1772,5316
1773,row 1773,5319
1774,row 1774,5322
1775,row 1775,5325
1776,row 1776,5328
1777,row 1777,5331
1778,row 1778,5334
1779,row 1779,5337
1780,row 1780,5340
1781,row 1781,5343
1782,row 1782,5346
1783,row 1783,5349
1784,row 1784,5352
1785,row 1785,5355
1786,row 1786,5358
1787,row 1787,5361
1788,row 1788,5364
1789,row 1789,5367
1790,row 1790,5370
1791,row 1791,5373
1792,row 1792,5376
1793,row 1793,5379
1794,row 1794,5382
1795,row 1795,5385
1796,row 1796,5388
1797,row 1797,5391
1798,row 1798,5394
1799,row 1799,5397
1800,row 1800,5400
1801,row 1801,5403
1802,row 1802,5406
1803,row 1803,5409
1804,row 1804,5412
1805,row 1805,5415
1806,row 1806,5418
1807,row 1807,5421
1808,row 1808,5424
1809,row 1809,5427
1810,row 1810,5430
1811,row 1811,5433
1812,row 1812,5436
1813,row 1813,5439
1814,row 1814,5442
1815,row 1815,5445
1816,row 1816,5448
1817,row 1817,5451
1818,row 1818,5454
1819,row 1819,5457
1820,row 1820,5460
1821,row 1821,5463
1822,row 1822,5466
1823,row 1823,5469
1824,row 1824,5472
1825,row 1825,5475
1826,row 1826,5478
1827,row 1827,5481
1828,row 1828,5484
1829,row 1829,5487
1830,row 1830,5490
1831,row 1831,5493
1832,row 1832,5496
1833,row 1833,5499
1834,row 1834,5502
1835,row 1835,5505
1836,row 1836,5508
1837,row 1837,5511
1838,row 1838,5514
1839,row 1839,5517
1840,row 1840,5520
1841,row 1841,5523
1842,row 1842,5526
1843,row 1843,5529
1844,row 1844,5532
1845,row 1845,5535
1846,row 1846,5538
1847,row 1847,5541
1848,row 1848,5544
1849,row 1849,5547
1850,row 1850,5550
1851,row 1851,5553
1852,row 1852,5556
1853,row 1853,5559
1854,row 1854,5562
1855,row 1855,5565
1856,row 1856,5568
1857,row 1857,5571
1858,row 1858,5574
1859,row 1859,5577
1860,row 1860,5580
1861,row 1861,5583
1862,row 1862,5586
1863,row 1863,5589
1864,row 1864,5592
1865,row 1865,5595
1866,row 1866,5598
1867,row 1867,5601
1868,row 1868,5604
1869,row 1869,5607
1870,row 1870,5610
1871,row 1871,5613
1872,row 1872,5616
1873,row 1873,5619
1874,row 1874,5622
1875,row 1875,5625
1876,row 1876,5628
1877,row 1877,5631
1878,row 1878,5634
1879,row 1879,5637
1880,row 1880,5640
1881,row 1881,5643
1882,row 1882,5646
1883,row 1883,5649
1884,row 1884,5652
1885,row 1885,5655
1886,row 1886,5658
1887,row 1887,5661
1888,row 1888,5664
1889,row 1889,5667
1890,row 1890,5670
1891,row 1891,5673
1892,row 1892,5676
1893,row 1893,5679
1894,row 1894,5682
1895,row 1895,5685
1896,row 1896,5688
1897,row 1897,5691
1898,row 1898,5694
1899,row 1899,5697
1900,row 1900,5700
1901,row 1901,5703
1902,row 1902,5706
1903,row 1903,5709
1904,row 1904,5712
1905,row 1905,5715
1906,row 1906,5718
1907,row 1907,5721
1908,row 1908,5724
1909,row 1909,5727
1910,row 1910,5730
1911,row 1911,5733
1912,row 1912,5736
1913,row 1913,5739
1914,row 1914,5742
1915,row 1915,5745
1916,row 1916,5748
1917,row 1917,5751
1918,row 1918,5754
1919,row 1919,5757
1920,row 1920,5760
1921,row 1921,5763
1922,row 1922,5766
1923,row 1923,5769
1924,row 1924,5772
1925,row 1925,5775
1926,row 1926,5778
1927,row 1927,5781
1928,row 1928,5784
1929,row 1929,5787
1930,row 1930,5790
1931,row 1931,5793
1932,row 1932,5796
1933,row 1933,5799
1934,row 1934,5802
1935,row 1935,5805
1936,row 1936,5808
1937,row 1937,5811
1938,row 1938,5814
1939,row 1939,5817
1940,row 1940,5820
1941,row 1941,5823
1942,row 1942,5826
1943,row 1943,5829
1944,row 1944,5832
1945,row 1945,5835
1946,row 1946,5838
1947,row 1947,5841
1948,row 1948,5844
1949,row 1949,5847
1950,row 1950,5850
1951,row 1951,5853
1952,row 1952,5856
1953,row 1953,5859
1954,row 1954,5862
1955,row 1955,5865
1956,row 1956,5868
1957,row 1957,5871
1958,row 1958,5874
1959,row 1959,5877
1960,row 1960,5880
1961,row 1961,5883
1962,row 1962,5886
1963,row 1963,5889
1964,row 1964,5892
1965,row 1965,5895
1966,row 1966,5898
1967,row 1967,5901
1968,row 1968,5904
1969,row 1969,5907
1970,row 1970,5910
1971,row 1971,5913
1972,row 1972,5916
1973,row 1973,5919
1974,row 1974,5922
1975,row 1975,5925
1976,row 1976,5928
1977,row 1977,5931
1978,row 1978,5934
1979,row 1979,5937
1980,row 1980,5940
1981,row 1981,5943
1982,row 1982,5946
1983,row 1983,5949
1984,row 1984,5952
1985,row 1985,5955
1986,row 1986,5958
1987,row 1987,5961
1988,row 1988,5964
1989,row 1989,5967
1990,row 1990,5970
1991,row 1991,5973
1992,row 1992,5976
1993,row 1993,5979
1994,row 1994,5982
1995,row 1995,5985
1996,row 1996,5988
1997,row 1997,5991
1998,row 1998,5994
1999,row 1999,5997
2000,row 2000,6000
2001,row 2001,6003
2002,row 2002,6006
2003,row 2003,6009
2004,row 2004,6012
2005,row 2005,6015
2006,row 2006,6018
2007,row 2007,6021
2008,row 2008,6024
2009,row 2009,6027
2010,row 2010,6030
2011,row 2011,6033
2012,row 2012,6036
2013,row 2013,6039
2014,row 2014,6042
2015,row 2015,6045
2016,row 2016,6048
2017,row 2017,6051
2018,row 2018,6054
2019,row 2019,6057
2020,row 2020,6060
2021,row 2021,6063
2022,row 2022,6066
2023,row 2023,6069
2024,row 2024,6072
2025,row 2025,6075
2026,row 2026,6078
2027,row 2027,6081
2028,row 2028,6084
2029,row 2029,6087
2030,row 2030,6090
2031,row 2031,6093
2032,row 2032,6096
2033,row 2033,6099
2034,row 2034,6102
2035,row 2035,6105
2036,row 2036,6108
2037,row 2037,6111
2038,row 2038,6114
2039,row 2039,6117
2040,row 2040,6120
2041,row 2041,6123
2042,row 2042,6126
2043,row 2043,6129
2044,row 2044,6132
2045,row 2045,6135
2046,row 2046,6138
2047,row 2047,6141
2048,row 2048,6144
2049,row 2049,6147
2050,row 2050,6150
2051,row 2051,6153
2052,row 2052,6156
2053,row 2053,6159
2054,row 2054,6162
2055,row 2055,6165
2056,row 2056,6168
2057,row 2057,6171
2058,row 2058,6174
2059,row 2059,6177
2060,row 2060,6180
2061,row 2061,6183
2062,row 2062,6186
2063,row 2063,6189
2064,row 2064,6192
2065,row 2065,6195
2066,row 2066,6198
2067,row 2067,6201
2068,row 2068,6204
2069,row 2069,6207
2070,row 2070,6210
2071,row 2071,6213
2072,row 2072,6216
2073,row 2073,6219
2074,row 2074,6222
2075,row 2075,6225
2076,row 2076,6228
2077,row 2077,6231
2078,row 2078,6234
2079,row 2079,6237
2080,row 2080,6240
2081,row 2081,6243
2082,row 2082,6246
2083,row 2083,6249
2084,row 2084,6252
2085,row 2085,6255
2086,row 2086,6258
2087,row 2087,6261
2088,row 2088,6264
2089,row 2089,6267
2090,row 2090,6270
2091,row 2091,6273
2092,row 2092,6276
2093,row 2093,6279
2094,row 2094,6282
2095,row 2095,6285
2096,row 2096,6288
2097,row 2097,6291
2098,row 2098,6294
2099,row 2099,6297
2100,row 2100,6300
2101,row 2101,6303
2102,row 2102,6306
2103,row 2103,6309
2104,row 2104,6312
2105,row 2105,6315
2106,row 2106,6318
2107,row 2107,6321
2108,row 2108,6324
2109,row 2109,6327
2110,row 2110,6330
2111,row 2111,6333
2112,row 2112,6336
2113,row 2113,6339
2114,row 2114,6342
2115,row 2115,6345
2116,row 2116,6348
2117,row 2117,6351
2118,row 2118,6354
2119,row 2119,6357
2120,row 2120,6360
2121,row 2121,6363
2122,row 2122,6366
2123,row 2123,6369
2124,row 2124,6372
2125,row 2125,6375
2126,row 2126,6378
2127,row 2127,6381
2128,row 2128,6384
2129,row 2129,6387
2130,row 2130,6390
2131,row 2131,6393
2132,row 2132,6396
2133,row 2133,6399
2134,row 2134,6402
2135,row 2135,6405
2136,row 2136,6408
2137,row 2137,6411
2138,row 2138,6414
2139,row 2139,6417
2140,row 2140,6420
2141,row 2141,6423
2142,row 2142,6426
2143,row 2143,6429
2144,row 2144,6432
2145,row 2145,6435
2146,row 2146,6438
2147,row 2147,6441
2148,row 2148,6444
2149,row 2149,6447
2150,row 2150,6450
2151,row 2151,6453
2152,row 2152,6456
2153,row 2153,6459
2154,row 2154,6462
2155,row 2155,6465
2156,row 2156,6468
2157,row 2157,6471
2158,row 2158,6474
2159,row 2159,6477
2160,row 2160,6480
2161,row 2161,6483
2162,row 2162,6486
2163,row 2163,6489
2164,row 2164,6492
2165,row 2165,6495
2166,row 2166,6498
2167,row 2167,6501
2168,row 2168,6504
2169,row 2169,6507
2170,row 2170,6510
2171,row 2171,6513
2172,row 2172,6516
2173,row 2173,6519
2174,row 2174,6522
2175,row 2175,6525
2176,row 2176,6528
2177,row 2177,6531
2178,row 2178,6534
2179,row 2179,6537
2180,row 2180,6540
2181,row 2181,6543
2182,row 2182,6546
2183,row 2183,6549
2184,row 2184,6552
2185,row 2185,6555
2186,row 2186,6558
2187,row 2187,6561
2188,row 2188,6564
2189,row 2189,6567
2190,row 2190,6570
2191,row 2191,6573
2192,row 2192,6576
2193,row 2193,6579
2194,row 2194,6582
2195,row 2195,6585
2196,row 2196,6588
2197,row 2197,6591
2198,row 2198,6594
2199,row 2199,6597
2200,row 2200,6600
2201,row 2201,6603
2202,row 2202,6606
2203,row 2203,6609
2204,row 2204,6612
2205,row 2205,6615
2206,row 2206,6618
2207,row 2207,6621
2208,row 2208,6624
2209,row 2209,6627
2210,row 2210,6630
2211,row 2211,6633
2212,row 2212,6636
2213,row 2213,6639
2214,row 2214,6642
2215,row 2215,6645
2216,row 2216,6648
2217,row 2217,6651
2218,row 2218,6654
2219,row 2219,6657
2220,row 2220,6660
2221,row 2221,6663
2222,row 2222,6666
2223,row 2223,6669
2224,row 2224,6672
2225,row 2225,6675
2226,row 2226,6678
2227,row 2227,6681
2228,row 2228,6684
2229,row 2229,6687
2230,row 2230,6690
2231,row 2231,6693
2232,row 2232,6696
2233,row 2233,6699
2234,row 2234,6702
2235,row 2235,6705
2236,row 2236,6708
2237,row 2237,6711
2238,row 2238,6714
2239,row 2239,6717
2240,row 2240,6720
2241,row 2241,6723
2242,row 2242,6726
2243,row 2243,6729
2244,row 2244,6732
2245,row 2245,6735
2246,row 2246,6738
2247,row 2247,6741
2248,row 2248,6744
2249,row 2249,6747
2250,row 2250,6750
2251,row 2251,6753
2252,row 2252,6756
2253,row 2253,6759
2254,row 2254,6762
2255,row 2255,6765
2256,row 2256,6768
2257,row 2257,6771
2258,row 2258,6774
2259,row 2259,6777
2260,row 2260,6780
2261,row 2261,6783
2262,row 2262,6786
2263,row 2263,6789
2264,row 2264,6792
2265,row 2265,6795
2266,row 2266,6798
2267,row 2267,6801
2268,row 2268,6804
2269,row 2269,6807
2270,row 2270,6810
2271,row 2271,6813
2272,row 2272,6816
2273,row 2273,6819
2274,row 2274,6822
2275,row 2275,6825
2276,row 2276,6828
2277,row 2277,6831
2278,row 2278,6834
2279,row 2279,6837
2280,row 2280,6840
2281,row 2281,6843
2282,row 2282,6846
2283,row 2283,6849
2284,row 2284,6852
2285,row 2285,6855
2286,row 2286,6858
2287,row 2287,6861
2288,row 2288,6864
2289,row 2289,6867
2290,row 2290,6870
2291,row 2291,6873
2292,row 2292,6876
2293,row 2293,6879
2294,row 2294,6882
2295,row 2295,6885
2296,row 2296,6888
2297,row 2297,6891
2298,row 2298,6894
2299,row 2299,6897
2300,row 2300,6900
2301,row 2301,6903
2302,row 2302,6906
2303,row 2303,6909
2304,row 2304,6912
2305,row 2305,6915
2306,row 2306,6918
2307,row 2307,6921
2308,row 2308,6924
2309,row 2309,6927
2310,row 2310,6930
2311,row 2311,6933
2312,row 2312,6936
2313,row 2313,6939
2314,row 2314,6942
2315,row 2315,6945
2316,row 2316,6948
2317,row 2317,6951
2318,row 2318,6954
2319,row 2319,6957
2320,row 2320,6960
2321,row 2321,6963
2322,row 2322,6966
2323,row 2323,6969
2324,row 2324,6972
2325,row 2325,6975
2326,row 2326,6978
2327,row 2327,6981
2328,row 2328,6984
2329,row 2329,6987
2330,row 2330,6990
2331,row 2331,6993
2332,row 2332,6996
2333,row 2333,6999
2334,row 2334,7002
2335,row 2335,7005
2336,row 2336,7008
2337,row 2337,7011
2338,row 2338,7014
2339,row 2339,7017
2340,row 2340,7020
2341,row 2341,7023
2342,row 2342,7026
2343,row 2343,7029
2344,row 2344,7032
2345,row 2345,7035
2346,row 2346,7038
2347,row 2347,7041
2348,row 2348,7044
2349,row 2349,7047
2350,row 2350,7050
2351,row 2351,7053
2352,row 2352,7056
2353,row 2353,7059
2354,row 2354,7062
2355,row 2355,7065
2356,row 2356,7068
2357,row 2357,7071
2358,row 2358,7074
2359,row 2359,7077
2360,row 2360,7080
2361,row 2361,7083
2362,row 2362,7086
2363,row 2363,7089
2364,row 2364,7092
2365,row 2365,7095
2366,row 2366,7098
2367,row 2367,7101
2368,row 2368,7104
2369,row 2369,7107
2370,row 2370,7110
2371,row 2371,7113
2372,row 2372,7116
2373,row 2373,7119
2374,row 2374,7122
2375,row 2375,7125
2376,row 2376,7128
2377,row 2377,7131
2378,row 2378,7134
2379,row 2379,7137
2380,row 2380,7140
2381,row 2381,7143
2382,row 2382,7146
2383,row 2383,7149
2384,row 2384,7152
2385,row 2385,7155
2386,row 2386,7158
2387,row 2387,7161
2388,row 2388,7164
2389,row 2389,7167
2390,row 2390,7170
2391,row 2391,7173
2392,row 2392,7176
2393,row 2393,7179
2394,row 2394,7182
2395,row 2395,7185
2396,row 2396,7188
2397,row 2397,7191
2398,row 2398,7194
2399,row 2399,7197
2400,row 2400,7200
2401,row 2401,7203
2402,row 2402,7206
2403,row 2403,7209
2404,row 2404,7212
2405,row 2405,7215
2406,row 2406,7218
2407,row 2407,7221
2408,row 2408,7224
2409,row 2409,7227
2410,row 2410,7230
2411,row 2411,7233
2412,row 2412,7236
2413,row 2413,7239
2414,row 2414,7242
2415,row 2415,7245
2416,row 2416,7248
2417,row 2417,7251
2418,row 2418,7254
2419,row 2419,7257
2420,row 2420,7260
2421,row 2421,7263
2422,row 2422,7266
2423,row 2423,7269
2424,row 2424,7272
2425,row 2425,7275
2426,row 2426,7278
2427,row 2427,7281
2428,row 2428,7284
2429,row 2429,7287
2430,row 2430,7290
2431,row 2431,7293
2432,row 2432,7296
2433,row 2433,7299
2434,row 2434,7302
2435,row 2435,7305
2436,row 2436,7308
2437,row 2437,7311
2438,row 2438,7314
2439,row 2439,7317
2440,row 2440,7320
2441,row 2441,7323
2442,row 2442,7326
2443,row 2443,7329
2444,row 2444,7332
2445,row 2445,7335
2446,row 2446,7338
2447,row 2447,7341
2448,row 2448,7344
2449,row 2449,7347
2450,row 2450,7350
2451,row 2451,7353
2452,row 2452,7356
2453,row 2453,7359
2454,row 2454,7362
2455,row 2455,7365
2456,row 2456,7368
2457,row 2457,7371
2458,row 2458,7374
2459,row 2459,7377
2460,row 2460,7380
2461,row 2461,7383
2462,row 2462,7386
2463,row 2463,7389
2464,row 2464,7392
2465,row 2465,7395
2466,row 2466,7398
2467,row 2467,7401
2468,row 2468,7404
2469,row 2469,7407
2470,row 2470,7410
2471,row 2471,7413
2472,row 2472,7416
2473,row 2473,7419
2474,row 2474,7422
2475,row 2475,7425
2476,row 2476,7428
2477,row 2477,7431
2478,row 2478,7434
2479,row 2479,7437
2480,row 2480,7440
2481,row 2481,7443
2482,row 2482,7446
2483,row 2483,7449
2484,row 2484,7452
2485,row 2485,7455
2486,row 2486,7458
2487,row 2487,7461
2488,row 2488,7464
2489,row 2489,7467
2490,row 2490,7470
2491,row 2491,7473
2492,row 2492,7476
2493,row 2493,7479
2494,row 2494,7482
2495,row 2495,7485
2496,row 2496,7488
2497,row 2497,7491
2498,row 2498,7494
2499,row 2499,7497
2500,row 2500,7500
2501,row 2501,7503
2502,row 2502,7506
2503,row 2503,7509
2504,row 2504,7512
2505,row 2505,7515
2506,row 2506,7518
2507,row 2507,7521
2508,row 2508,7524
2509,row 2509,7527
2510,row 2510,7530
2511,row 2511,7533
2512,row 2512,7536
2513,row 2513,7539
2514,row 2514,7542
2515,row 2515,7545
2516,row 2516,7548
2517,row 2517,7551
2518,row 2518,7554
2519,row 2519,7557
2520,row 2520,7560
2521,row 2521,7563
2522,row 2522,7566
2523,row 2523,7569
2524,row 2524,7572
2525,row 2525,7575
2526,row 2526,7578
2527,row 2527,7581
2528,row 2528,7584
2529,row 2529,7587
2530,row 2530,7590
2531,row 2531,7593
2532,row 2532,7596
2533,row 2533,7599
2534,row 2534,7602
2535,row 2535,7605
2536,row 2536,7608
2537,row 2537,7611
2538,row 2538,7614
2539,row 2539,7617
2540,row 2540,7620
2541,row 2541,7623
2542,row 2542,7626
2543,row 2543,7629
2544,row 2544,7632
2545,row 2545,7635
2546,row 2546,7638
2547,row 2547,7641
2548,row 2548,7644
2549,row 2549,7647
2550,row 2550,7650
2551,row 2551,7653
2552,row 2552,7656
2553,row 2553,7659
2554,row 2554,7662
2555,row 2555,7665
2556,row 2556,7668
2557,row 2557,7671
2558,row 2558,7674
2559,row 2559,7677
2560,row 2560,7680
2561,row 2561,7683
2562,row 2562,7686
2563,row 2563,7689
2564,row 2564,7692
2565,row 2565,7695
2566,row 2566,7698
2567,row 2567,7701
2568,row 2568,7704
2569,row 2569,7707
2570,row 2570,7710
2571,row 2571,7713
2572,row 2572,7716
2573,row 2573,7719
2574,row 2574,7722
2575,row 2575,7725
2576,row 2576,7728
2577,row 2577,7731
2578,row 2578,7734
2579,row 2579,7737
2580,row 2580,7740
2581,row 2581,7743
2582,row 2582,7746
2583,row 2583,7749
2584,row 2584,7752
2585,row 2585,7755
2586,row 2586,7758
2587,row 2587,7761
2588,row 2588,7764
2589,row 2589,7767
2590,row 2590,7770
2591,row 2591,7773
2592,row 2592,7776
2593,row 2593,7779
2594,row 2594,7782
2595,row 2595,7785
2596,row 2596,7788
2597,row 2597,7791
2598,row 2598,7794
2599,row 2599,7797
2600,row 2600,7800
2601,row 2601,7803
2602,row 2602,7806
2603,row 2603,7809
2604,row 2604,7812
2605,row 2605,7815
2606,row 2606,7818
2607,row 2607,7821
2608,row 2608,7824
2609,row 2609,7827
2610,row 2610,7830
2611,row 2611,7833
2612,row 2612,7836
2613,row 2613,7839
2614,row 2614,7842
2615,row 2615,7845
2616,row 2616,7848
2617,row 2617,7851
2618,row 2618,7854
2619,row 2619,7857
2620,row 2620,7860
2621,row 2621,7863
2622,row 2622,7866
2623,row 2623,7869
2624,row 2624,7872
2625,row 2625,7875
2626,row 2626,7878
2627,row 2627,7881
2628,row 2628,7884
2629,row 2629,7887
2630,row 2630,7890
2631,row 2631,7893
2632,row 2632,7896
2633,row 2633,7899
2634,row 2634,7902
2635,row 2635,7905
2636,row 2636,7908
2637,row 2637,7911
2638,row 2638,7914
2639,row 2639,7917
2640,row 2640,7920
2641,row 2641,7923
2642,row 2642,7926
2643,row 2643,7929
2644,row 2644,7932
2645,row 2645,7935
2646,row 2646,7938
2647,row 2647,7941
2648,row 2648,7944
2649,row 2649,7947
2650,row 2650,7950
2651,row 2651,7953
2652,row 2652,7956
2653,row 2653,7959
2654,row 2654,7962
2655,row 2655,7965
2656,row 2656,7968
2657,row 2657,7971
2658,row 2658,7974
2659,row 2659,7977
2660,row 2660,7980
2661,row 2661,7983
2662,row 2662,7986
2663,row 2663,7989
2664,row 2664,7992
2665,row 2665,7995
2666,row 2666,7998
2667,row 2667,8001
2668,row 2668,8004
2669,row 2669,8007
2670,row 2670,8010
2671,row 2671,8013
2672,row 2672,8016
2673,row 2673,8019
2674,row 2674,8022
2675,row 2675,8025
2676,row 2676,8028
2677,row 2677,8031
2678,row 2678,8034
2679,row 2679,8037
2680,row 2680,8040
2681,row 2681,8043
2682,row 2682,8046
2683,row 2683,8049
2684,row 2684,8052
2685,row 2685,8055
2686,row 2686,8058
2687,row 2687,8061
2688,row 2688,8064
2689,row 2689,8067
2690,row 2690,8070
2691,row 2691,8073
2692,row 2692,8076
2693,row 2693,8079
2694,row 2694,8082
2695,row 2695,8085
2696,row 2696,8088
2697,row 2697,8091
2698,row 2698,8094
2699,row 2699,8097
2700,row 2700,8100
2701,row 2701,8103
2702,row 2702,8106
2703,row 2703,8109
2704,row 2704,8112
2705,row 2705,8115
2706,row 2706,8118
2707,row 2707,8121
2708,row 2708,8124
2709,row 2709,8127
2710,row 2710,8130
2711,row 2711,8133
2712,row 2712,8136
2713,row 2713,8139
2714,row 2714,8142
2715,row 2715,8145
2716,row 2716,8148
2717,row 2717,8151
2718,row 2718,8154
2719,row 2719,8157
2720,row 2720,8160
2721,row 2721,8163
2722,row 2722,8166
2723,row 2723,8169
2724,row 2724,8172
2725,row 2725,8175
2726,row 2726,8178
2727,row 2727,8181
2728,row 2728,8184
2729,row 2729,8187
2730,row 2730,8190
2731,row 2731,8193
2732,row 2732,8196
2733,row 2733,8199
2734,row 2734,8202
2735,row 2735,8205
2736,row 2736,8208
2737,row 2737,8211
2738,row 2738,8214
2739,row 2739,8217
2740,row 2740,8220
2741,row 2741,8223
2742,row 2742,8226
2743,row 2743,8229
2744,row 2744,8232
2745,row 2745,8235
2746,row 2746,8238
2747,row 2747,8241
2748,row 2748,8244
2749,row 2749,8247
2750,row 2750,8250
2751,row 2751,8253
2752,row 2752,8256
2753,row 2753,8259
2754,row 2754,8262
2755,row 2755,8265
2756,row 2756,8268
2757,row 2757,8271
2758,row 2758,8274
2759,row 2759,8277
2760,row 2760,8280
2761,row 2761,8283
2762,row 2762,8286
2763,row 2763,8289
2764,row 2764,8292
2765,row 2765,8295
2766,row 2766,8298
2767,row 2767,8301
2768,row 2768,8304
2769,row 2769,8307
2770,row 2770,8310
2771,row 2771,8313
2772,row 2772,8316
2773,row 2773,8319
2774,row 2774,8322
2775,row 2775,8325
2776,row 2776,8328
2777,row 2777,8331
2778,row 2778,8334
2779,row 2779,8337
2780,row 2780,8340
2781,row 2781,8343
2782,row 2782,8346
2783,row 2783,8349
2784,row 2784,8352
2785,row 2785,8355
2786,row 2786,8358
2787,row 2787,8361
2788,row 2788,8364
2789,row 2789,8367
2790,row 2790,8370
2791,row 2791,8373
2792,row 2792,8376
2793,row 2793,8379
2794,row 2794,8382
2795,row 2795,8385
2796,row 2796,8388
2797,row 2797,8391
2798,row 2798,8394
2799,row 2799,8397
2800,row 2800,8400
2801,row 2801,8403
2802,row 2802,8406
2803,row 2803,8409
2804,row 2804,8412
2805,row 2805,8415
2806,row 2806,8418
2807,row 2807,8421
2808,row 2808,8424
2809,row 2809,8427
2810,row 2810,8430
2811,row 2811,8433
2812,row 2812,8436
2813,row 2813,8439
2814,row 2814,8442
2815,row 2815,8445
2816,row 2816,8448
2817,row 2817,8451
2818,row 2818,8454
2819,row 2819,8457
2820,row 2820,8460
2821,row 2821,8463
2822,row 2822,8466
2823,row 2823,8469
2824,row 2824,8472
2825,row 2825,8475
2826,row 2826,8478
2827,row 2827,8481
2828,row 2828,8484
2829,row 2829,8487
2830,row 2830,8490
2831,row 2831,8493
2832,row 2832,8496
2833,row 2833,8499
2834,row 2834,8502
2835,row 2835,8505
2836,row 2836,8508
2837,row 2837,8511
2838,row 2838,8514
2839,row 2839,8517
2840,row 2840,8520
2841,row 2841,8523
2842,row 2842,8526
2843,row 2843,8529
2844,row 2844,8532
2845,row 2845,8535
2846,row 2846,8538
2847,row 2847,8541
2848,row 2848,8544
2849,row 2849,8547
2850,row 2850,8550
2851,row 2851,8553
2852,row 2852,8556
2853,row 2853,8559
2854,row 2854,8562
2855,row 2855,8565
2856,row 2856,8568
2857,row 2857,8571
2858,row 2858,8574
2859,row 2859,8577
2860,row 2860,8580
2861,row 2861,8583
2862,row 2862,8586
2863,row 2863,8589
2864,row 2864,8592
2865,row 2865,8595
2866,row 2866,8598
2867,row 2867,8601
2868,row 2868,8604
2869,row 2869,8607
2870,row 2870,8610
2871,row 2871,8613
2872,row 2872,8616
2873,row 2873,8619
2874,row 2874,8622
2875,row 2875,8625
2876,row 2876,8628
2877,row 2877,8631
2878,row 2878,8634
2879,row 2879,8637
2880,row 2880,8640
2881,row 2881,8643
2882,row 2882,8646
2883,row 2883,8649
2884,row 2884,8652
2885,row 2885,8655
2886,row 2886,8658
2887,row 2887,8661
2888,row 2888,8664
2889,row 2889,8667
2890,row 2890,8670
2891,row 2891,8673
2892,row 2892,8676
2893,row 2893,8679
2894,row 2894,8682
2895,row 2895,8685
2896,row 2896,8688
2897,row 2897,8691
2898,row 2898,8694
2899,row 2899,8697
2900,row 2900,8700
2901,row 2901,8703
2902,row 2902,8706
2903,row 2903,8709
2904,row 2904,8712
2905,row 2905,8715
2906,row 2906,8718
2907,row 2907,8721
2908,row 2908,8724
2909,row 2909,8727
2910,row 2910,8730
2911,row 2911,8733
2912,row 2912,8736
2913,row 2913,8739
2914,row 2914,8742
2915,row 2915,8745
2916,row 2916,8748
2917,row 2917,8751
2918,row 2918,8754
2919,row 2919,8757
2920,row 2920,8760
2921,row 2921,8763
2922,row 2922,8766
2923,row 2923,8769
2924,row 2924,8772
2925,row 2925,8775
2926,row 2926,8778
2927,row 2927,8781
2928,row 2928,8784
2929,row 2929,8787
2930,row 2930,8790
2931,row 2931,8793
2932,row 2932,8796
2933,row 2933,8799
2934,row 2934,8802
2935,row 2935,8805
2936,row 2936,8808
2937,row 2937,8811
2938,row 2938,8814
2939,row 2939,8817
2940,row 2940,8820
2941,row 2941,8823
2942,row 2942,8826
2943,row 2943,8829
2944,row 2944,8832
2945,row 2945,8835
2946,row 2946,8838
2947,row 2947,8841
2948,row 2948,8844
2949,row 2949,8847
2950,row 2950,8850
2951,row 2951,8853
2952,row 2952,8856
2953,row 2953,8859
2954,row 2954,8862
2955,row 2955,8865
2956,row 2956,8868
2957,row 2957,8871
2958,row 2958,8874
2959,row 2959,8877
2960,row 2960,8880
2961,row 2961,8883
2962,row 2962,8886
2963,row 2963,8889
2964,row 2964,8892
2965,row 2965,8895
2966,row 2966,8898
2967,row 2967,8901
2968,row 2968,8904
2969,row 2969,8907
2970,row 2970,8910
2971,row 2971,8913
2972,row 2972,8916
2973,row 2973,8919
2974,row 2974,8922
2975,row 2975,8925
2976,row 2976,8928
2977,row 2977,8931
2978,row 2978,8934
2979,row 2979,8937
2980,row 2980,8940
2981,row 2981,8943
2982,row 2982,8946
2983,row 2983,8949
2984,row 2984,8952
2985,row 2985,8955
2986,row 2986,8958
2987,row 2987,8961
2988,row 2988,8964
2989,row 2989,8967
2990,row 2990,8970
2991,row 2991,8973
2992,row 2992,8976
2993,row 2993,8979
2994,row 2994,8982
2995,row 2995,8985
2996,row 2996,8988
2997,row 2997,8991
2998,row 2998,8994
2999,row 2999,8997
3000,row 3000,9000
